{
  "v": "5.12.1",
  "fr": 30,
  "ip": 0,
  "op": 60,
  "w": 100,
  "h": 100,
  "nm": "precomp-cycle-test",
  "ddd": 0,
  "assets": [
    {
      "id": "image_0",
      "w": 100,
      "h": 100,
      "u": "images/",
      "p": "img_nested.png",
      "e": 0
    },
    {
      "id": "comp_A",
      "nm": "comp-A",
      "fr": 30,
      "layers": [
        {
          "ddd": 0,
          "ind": 1,
          "ty": 2,
          "nm": "media",
          "refId": "image_0",
          "sr": 1,
          "ks": {
            "o": { "a": 0, "k": 100 },
            "r": { "a": 0, "k": 0 },
            "p": { "a": 0, "k": [0, 0, 0] },
            "a": { "a": 0, "k": [0, 0, 0] },
            "s": { "a": 0, "k": [100, 100, 100] }
          },
          "ao": 0,
          "ip": 0,
          "op": 60,
          "st": 0
        },
        {
          "ddd": 0,
          "ind": 2,
          "ty": 0,
          "nm": "ref-to-B",
          "refId": "comp_B",
          "sr": 1,
          "ks": {
            "o": { "a": 0, "k": 100 },
            "r": { "a": 0, "k": 0 },
            "p": { "a": 0, "k": [0, 0, 0] },
            "a": { "a": 0, "k": [0, 0, 0] },
            "s": { "a": 0, "k": [100, 100, 100] }
          },
          "ao": 0,
          "w": 100,
          "h": 100,
          "ip": 0,
          "op": 60,
          "st": 0
        }
      ]
    },
    {
      "id": "comp_B",
      "nm": "comp-B",
      "fr": 30,
      "layers": [
        {
          "ddd": 0,
          "ind": 1,
          "ty": 0,
          "nm": "ref-to-A",
          "refId": "comp_A",
          "sr": 1,
          "ks": {
            "o": { "a": 0, "k": 100 },
            "r": { "a": 0, "k": 0 },
            "p": { "a": 0, "k": [0, 0, 0] },
            "a": { "a": 0, "k": [0, 0, 0] },
            "s": { "a": 0, "k": [100, 100, 100] }
          },
          "ao": 0,
          "w": 100,
          "h": 100,
          "ip": 0,
          "op": 60,
          "st": 0
        }
      ]
    }
  ],
  "layers": [
    {
      "ddd": 0,
      "ind": 1,
      "ty": 0,
      "nm": "root-precomp",
      "refId": "comp_A",
      "sr": 1,
      "ks": {
        "o": { "a": 0, "k": 100 },
        "r": { "a": 0, "k": 0 },
        "p": { "a": 0, "k": [50, 50, 0] },
        "a": { "a": 0, "k": [0, 0, 0] },
        "s": { "a": 0, "k": [100, 100, 100] }
      },
      "ao": 0,
      "w": 100,
      "h": 100,
      "ip": 0,
      "op": 60,
      "st": 0
    }
  ],
  "markers": []
}
